aadebimp	77233
aadebimp	77233
aadebimp	77233
aaden001	76666
aaden001	76666
abuad001	77056
abuad001	77056
abuad001	77056
abuad001	77056
ahme0453	77177
and02709	73720
and02709	73720
and02709	73720
aragotha	76541
aragotha	76541
arichieh	77977
arichieh	77977
arichieh	77977
arral001	77057
arral001	77057
arral001	77057
arral001	77057
arueter	76375
arueter	76375
arueter	76375
arueter	76375
arumple	72290
avanrins	76337
avanrins	76337
baue0613	77645
baue0613	77645
bkay	76534
bkay	76534
bkay	76534
bondy023	73781
brhowell	23552
bying015	75810
bying015	75810
bying015	75810
bying015	75810
cao00094	73466
cao00128	75261
cdrexler	76195
cdrexler	76195
ciesl012	76713
ciesl012	76713
ciesl012	76713
ciesl012	76713
coben005	71913
coffm049	71104
coffm049	71104
das00139	77402
day00096	74529
day00096	74529
day00096	74529
day00096	74529
day00096	74529
de000008	75886
dkliamov	76800
dkliamov	76800
doyle291	23553
eearl	75646
eearl	75646
eearl	75646
egordon	77565
egordon	77565
egordon	77565
egordon	77565
elban006	76891
epteska	70228
eyoh0001	77422
eyoh0001	77422
eyoh0001	77422
faird	75623
faird	75623
faird	75623
faird	75623
faird	75623
feczk001	75631
feczk001	75631
feczk001	75631
feczk001	75631
feczk001	75631
fenog004	23555
fodonova	77780
fodonova	77780
galaxy	13151
galaxy	13151
galaxy	13151
galaxy	13151
galaxy	13151
galaxy	13151
gconan	75648
gconan	75648
gconan	75648
gconan	75648
ghosh189	77038
ghosh189	77038
gocha001	76823
grims090	75809
grims090	75809
grims090	75809
hagle019	77862
hagle019	77862
hagle019	77862
hagle019	77862
hagle019	77862
hartm700	78047
hassa488	77908
hassa488	77908
hendr522	24503
hendr522	24503
hendr522	24503
hendr522	24503
hendr522	24503
hendr522	24503
hermosir	75929
hermosir	75929
hermosir	75929
hermosir	75929
herzb020	24183
hough129	76181
hough129	76181
hough129	76181
hough129	76181
hough129	76181
hufna006	76743
hufna006	76743
hufna006	76743
hufna006	76743
humph252	77095
iramx001	74419
joh17964	75387
jstirlin	76786
jtelison	23159
kang0412	75754
kjamison	70556
kmehta	77947
knuts828	72125
koira019	77049
koira019	77049
koira019	77049
koira019	77049
koira019	77049
kraso007	72711
kunz0104	77064
kunz0104	77064
kunz0104	77064
kweldon	77672
kweldon	77672
kweldon	77672
lasc0031	71915
leberly	74142
leex6144	74345
leex6144	74345
leex6144	74345
leex6144	74345
lehma329	75992
lehma329	75992
lench002	74653
lin00374	74468
lmoore	76125
lmoore	76125
lmoore	76125
lmoore	76125
lmoore	76125
lundq163	77661
lundq163	77661
lundq163	77661
lundq163	77661
lundq163	77661
malak039	76131
manne044	72220
mayo0039	76669
mayo0039	76669
mayo0039	76669
mcallen	77647
mcallen	77647
mcallen	77647
mcallen	77647
mchen	24194
mehta130	77031
memitche	77990
memitche	77990
mfiecas	72477
mfiecas	72477
miran045	12097
miran045	12097
miran045	12097
miran045	12097
miran045	12097
moral453	76171
moral453	76171
moral453	76171
moral453	76171
moser297	76865
moser297	76865
moser297	76865
moser297	76865
moser297	76865
msi_galaxym	70645
msi_galaxym	70645
msi_galaxym	70645
msi_galaxym	70645
msi_galaxym	70645
msi_galaxym	70645
msi_lorismcgill	76523
msi_lorismgill	76518
msi_midb_lorisadmin	75713
muell093	24077
muell093	24077
nbaden	77943
nbrossar	75708
nestr007	59669
nevil066	75953
nguy1903	24903
nseider	77857
patel679	75488
pauls860	72717
perr0372	76145
perr0372	76145
perr0372	76145
perr0372	76145
perr0372	76145
perr0372	76145
pham0373	77061
pham0373	77061
pham0373	77061
plembcke	77643
plembcke	77643
priet020	70542
rando149	75934
rando149	75934
rando149	75934
rando149	75934
rasmussj	77646
rasmussj	77646
rasmussj	77646
rasmussj	77646
reine097	76249
reine097	76249
reine097	76249
reine097	76249
reine097	76249
roedi004	74267
roedi004	74267
rpines	77020
rpines	77020
saonli	15432
saonli	15432
saonli	15432
schakrap	77559
schm3832	71914
schn0968	77793
schn0968	77793
scovitz	76697
scovitz	76697
shah0726	76905
shah0726	76905
shah0726	76905
share020	71919
sifre002	71912
sifre002	71912
sifre002	71912
sikxx005	73107
smanish	76798
smanish	76798
smanish	76798
smanish	76798
smarek	76552
smarek	76552
smarek	76552
smnelson	77328
smnelson	77328
soren944	77037
spapadak	77353
spapadak	77353
spapadak	77353
ssafo	72745
stoye003	75887
stoye003	75887
strupp	24028
styne001	70538
sunde171	77842
sungx077	71927
tdjiko	73155
thomase	76538
thomase	76538
thomase	76538
thomase	76538
tikal004	77291
tikal004	77291
tikal004	77291
tikal004	77291
tikal004	77291
tmadison	75652
tmadison	75652
tmadison	75652
tmadison	75652
tnugiel	77930
tnugiel	77930
ttapera	76694
weble002	76709
wguan	70222
zhan4800	70105
zilin006	73828
